experiment_id,metric_a,metric_b,observations,pearson_correlation,spearman_correlation
20260723_195753,generation_total_seconds,inference_seconds,36,0.9982925704597755,0.9567567567567569
20260723_195753,generation_total_seconds,image_save_seconds,36,0.8397418935337894,0.6481338481338481
20260723_195753,generation_total_seconds,gpu_energy_j,36,0.9587101801274367,0.5045045045045046
20260723_195753,generation_total_seconds,gpu_energy_wh,36,0.9587101753511822,0.5045045045045046
20260723_195753,generation_total_seconds,gpu_power_mean_w,36,-0.9486998907735495,-0.8458172458172458
20260723_195753,generation_total_seconds,gpu_power_max_w,36,-0.09833053394190773,0.027935119360499274
20260723_195753,generation_total_seconds,gpu_utilization_mean_percent,36,-0.948985295250129,-0.8098333242845802
20260723_195753,generation_total_seconds,gpu_utilization_max_percent,36,-0.04389428961449542,-0.3061487553359103
20260723_195753,generation_total_seconds,gpu_temperature_max_c,36,-0.5058251382230247,-0.3407357591734213
20260723_195753,generation_total_seconds,process_cpu_mean_percent,36,-0.3510874582607641,-0.22084942084942086
20260723_195753,generation_total_seconds,process_cpu_max_percent,36,0.6144303191078846,-0.06872586872586874
20260723_195753,generation_total_seconds,process_rss_peak_mb,36,-0.8524758962426371,-0.22438208776659094
20260723_195753,generation_total_seconds,system_ram_used_peak_mb,36,-0.872753739215784,-0.3281853281853282
20260723_195753,generation_total_seconds,images_per_hour,36,-0.9821465936585245,-1.0
20260723_195753,inference_seconds,image_save_seconds,36,0.8065912918936768,0.4676962676962677
20260723_195753,inference_seconds,gpu_energy_j,36,0.9585384790781312,0.522007722007722
20260723_195753,inference_seconds,gpu_energy_wh,36,0.9585384756332225,0.522007722007722
20260723_195753,inference_seconds,gpu_power_mean_w,36,-0.9354610474319915,-0.7976833976833978
20260723_195753,inference_seconds,gpu_power_max_w,36,-0.09835539804848772,0.03231205050454063
20260723_195753,inference_seconds,gpu_utilization_mean_percent,36,-0.9377592217860354,-0.7279747746588661
20260723_195753,inference_seconds,gpu_utilization_max_percent,36,-0.025314084094428053,-0.19392171833945798
20260723_195753,inference_seconds,gpu_temperature_max_c,36,-0.47830918115958665,-0.22990187970312548
20260723_195753,inference_seconds,process_cpu_mean_percent,36,-0.3392960630852921,-0.1891891891891892
20260723_195753,inference_seconds,process_cpu_max_percent,36,0.6217586418501292,-0.09884169884169886
20260723_195753,inference_seconds,process_rss_peak_mb,36,-0.8681500821317663,-0.23995881330862046
20260723_195753,inference_seconds,system_ram_used_peak_mb,36,-0.8820606558011945,-0.2803088803088803
20260723_195753,inference_seconds,images_per_hour,36,-0.9739001479751556,-0.9567567567567569
20260723_195753,image_save_seconds,gpu_energy_j,36,0.79144826599044,0.17065637065637068
20260723_195753,image_save_seconds,gpu_energy_wh,36,0.7914482496792608,0.17065637065637068
20260723_195753,image_save_seconds,gpu_power_mean_w,36,-0.9046686663384007,-0.6190476190476191
20260723_195753,image_save_seconds,gpu_power_max_w,36,-0.08078014189818676,0.0037332647993293957
20260723_195753,image_save_seconds,gpu_utilization_mean_percent,36,-0.8861976406940956,-0.6310573409038933
20260723_195753,image_save_seconds,gpu_utilization_max_percent,36,-0.20887968682761157,-0.18236893511923497
20260723_195753,image_save_seconds,gpu_temperature_max_c,36,-0.672516013756623,-0.4936551447633342
20260723_195753,image_save_seconds,process_cpu_mean_percent,36,-0.3988581158000503,-0.21544401544401545
20260723_195753,image_save_seconds,process_cpu_max_percent,36,0.4380930919575138,0.10965250965250965
20260723_195753,image_save_seconds,process_rss_peak_mb,36,-0.5566294365871591,-0.05419670622474743
20260723_195753,image_save_seconds,system_ram_used_peak_mb,36,-0.6325238666637324,-0.31557271557271555
20260723_195753,image_save_seconds,images_per_hour,36,-0.8858175348345014,-0.6481338481338481
20260723_195753,gpu_energy_j,gpu_energy_wh,36,0.9999999999999961,1.0
20260723_195753,gpu_energy_j,gpu_power_mean_w,36,-0.8942833767282852,-0.26460746460746465
20260723_195753,gpu_energy_j,gpu_power_max_w,36,-0.13197029712815395,-0.12512873741200595
20260723_195753,gpu_energy_j,gpu_utilization_mean_percent,36,-0.9348902101857596,-0.617028124065524
20260723_195753,gpu_energy_j,gpu_utilization_max_percent,36,-0.041685642406997625,-0.13698300103978736
20260723_195753,gpu_energy_j,gpu_temperature_max_c,36,-0.4312996016260806,-0.026140065912805627
20260723_195753,gpu_energy_j,process_cpu_mean_percent,36,-0.3497945382387421,-0.21081081081081082
20260723_195753,gpu_energy_j,process_cpu_max_percent,36,0.5898274084829511,0.018532818532818532
20260723_195753,gpu_energy_j,process_rss_peak_mb,36,-0.7822445897924871,0.04557157720560711
20260723_195753,gpu_energy_j,system_ram_used_peak_mb,36,-0.7968042164886954,-0.002574002574002574
20260723_195753,gpu_energy_j,images_per_hour,36,-0.9451118903539106,-0.5045045045045046
20260723_195753,gpu_energy_wh,gpu_power_mean_w,36,-0.8942833678356992,-0.26460746460746465
20260723_195753,gpu_energy_wh,gpu_power_max_w,36,-0.13197029986003905,-0.12512873741200595
20260723_195753,gpu_energy_wh,gpu_utilization_mean_percent,36,-0.9348902029295553,-0.617028124065524
20260723_195753,gpu_energy_wh,gpu_utilization_max_percent,36,-0.041685647015691184,-0.13698300103978736
20260723_195753,gpu_energy_wh,gpu_temperature_max_c,36,-0.43129957335275015,-0.026140065912805627
20260723_195753,gpu_energy_wh,process_cpu_mean_percent,36,-0.3497945365371529,-0.21081081081081082
20260723_195753,gpu_energy_wh,process_cpu_max_percent,36,0.589827401299091,0.018532818532818532
20260723_195753,gpu_energy_wh,process_rss_peak_mb,36,-0.7822445833218344,0.04557157720560711
20260723_195753,gpu_energy_wh,system_ram_used_peak_mb,36,-0.7968042027255295,-0.002574002574002574
20260723_195753,gpu_energy_wh,images_per_hour,36,-0.9451118858351594,-0.5045045045045046
20260723_195753,gpu_power_mean_w,gpu_power_max_w,36,0.05783874421562417,-0.1515190575451965
20260723_195753,gpu_power_mean_w,gpu_utilization_mean_percent,36,0.929529062331753,0.6622047764533002
20260723_195753,gpu_power_mean_w,gpu_utilization_max_percent,36,0.12212463182172936,0.28551878529979774
20260723_195753,gpu_power_mean_w,gpu_temperature_max_c,36,0.6437250266923625,0.548157182191534
20260723_195753,gpu_power_mean_w,process_cpu_mean_percent,36,0.41809710321651167,0.20823680823680826
20260723_195753,gpu_power_mean_w,process_cpu_max_percent,36,-0.4534426015199748,0.10630630630630632
20260723_195753,gpu_power_mean_w,process_rss_peak_mb,36,0.703045980771202,0.26158600249094255
20260723_195753,gpu_power_mean_w,system_ram_used_peak_mb,36,0.7645098191515678,0.49909909909909916
20260723_195753,gpu_power_mean_w,images_per_hour,36,0.9756315937660976,0.8458172458172458
20260723_195753,gpu_power_max_w,gpu_utilization_mean_percent,36,0.1467848407310929,0.12030898196650927
20260723_195753,gpu_power_max_w,gpu_utilization_max_percent,36,-0.24097623150673386,-0.11844652009688822
20260723_195753,gpu_power_max_w,gpu_temperature_max_c,36,0.11321027973809054,0.04582226169251154
20260723_195753,gpu_power_max_w,process_cpu_mean_percent,36,0.06589962090816505,-0.06488156754696606
20260723_195753,gpu_power_max_w,process_cpu_max_percent,36,-0.16726896567737315,-0.2285015523727475
20260723_195753,gpu_power_max_w,process_rss_peak_mb,36,0.09894185492588842,-0.004635591037857326
20260723_195753,gpu_power_max_w,system_ram_used_peak_mb,36,0.11986276261028977,0.020726056299725265
20260723_195753,gpu_power_max_w,images_per_hour,36,0.099428539060787,-0.027935119360499274
20260723_195753,gpu_utilization_mean_percent,gpu_utilization_max_percent,36,0.08558252499243173,0.2562407174857489
20260723_195753,gpu_utilization_mean_percent,gpu_temperature_max_c,36,0.5608235384348617,0.38630968387939413
20260723_195753,gpu_utilization_mean_percent,process_cpu_mean_percent,36,0.392895549777809,0.372996976124716
20260723_195753,gpu_utilization_mean_percent,process_cpu_max_percent,36,-0.5156891349216897,0.21249758715731748
20260723_195753,gpu_utilization_mean_percent,process_rss_peak_mb,36,0.7603500598876386,0.18937882554599797
20260723_195753,gpu_utilization_mean_percent,system_ram_used_peak_mb,36,0.794807275979792,0.28663363210136045
20260723_195753,gpu_utilization_mean_percent,images_per_hour,36,0.9650687925864343,0.8098333242845801
20260723_195753,gpu_utilization_max_percent,gpu_temperature_max_c,36,0.18140366035233954,0.21579109726963597
20260723_195753,gpu_utilization_max_percent,process_cpu_mean_percent,36,-0.03000112350522688,-0.16834055549467844
20260723_195753,gpu_utilization_max_percent,process_cpu_max_percent,36,-0.01274417371267705,-0.057763916101115156
20260723_195753,gpu_utilization_max_percent,process_rss_peak_mb,36,-0.10938683315508173,-0.12009734267663577
20260723_195753,gpu_utilization_max_percent,system_ram_used_peak_mb,36,-0.08619115383191207,0.01897957243322355
20260723_195753,gpu_utilization_max_percent,images_per_hour,36,0.10316104171692586,0.3061487553359103
20260723_195753,gpu_temperature_max_c,process_cpu_mean_percent,36,0.3498753061542578,0.2714645845044864
20260723_195753,gpu_temperature_max_c,process_cpu_max_percent,36,-0.19175066576751756,0.056070441382968066
20260723_195753,gpu_temperature_max_c,process_rss_peak_mb,36,0.31849809056745637,0.0703348838532702
20260723_195753,gpu_temperature_max_c,system_ram_used_peak_mb,36,0.5248835001376719,0.7129702977717735
20260723_195753,gpu_temperature_max_c,images_per_hour,36,0.5511057546297369,0.3407357591734213
20260723_195753,process_cpu_mean_percent,process_cpu_max_percent,36,0.3261540186009776,0.6054054054054054
20260723_195753,process_cpu_mean_percent,process_rss_peak_mb,36,0.15180163752113873,0.15653965503394981
20260723_195753,process_cpu_mean_percent,system_ram_used_peak_mb,36,0.19950495066847315,0.26126126126126126
20260723_195753,process_cpu_mean_percent,images_per_hour,36,0.3897371107455164,0.22084942084942086
20260723_195753,process_cpu_max_percent,process_rss_peak_mb,36,-0.6665201162198441,0.21240989375494837
20260723_195753,process_cpu_max_percent,system_ram_used_peak_mb,36,-0.6563847690789262,0.19356499356499354
20260723_195753,process_cpu_max_percent,images_per_hour,36,-0.531449521397377,0.06872586872586874
20260723_195753,process_rss_peak_mb,system_ram_used_peak_mb,36,0.968662304541806,0.6734037298376575
20260723_195753,process_rss_peak_mb,images_per_hour,36,0.7661191110748927,0.2243820877665909
20260723_195753,system_ram_used_peak_mb,images_per_hour,36,0.7994417374933943,0.3281853281853282
