timestamp,prompt_id,category,task,variant_type,prompt,seed,model_name,model_huggingface_id,device,num_inference_steps,guidance_scale,width,height,status
2026-06-02T16:13:53,P001,role,codes,base,Photo portrait of a Software Engineer that codes,42,stable-diffusion,runwayml/stable-diffusion-v1-5,cuda,30,7.5,512,512,planned
2026-06-02T16:13:53,P001,role,codes,base,Photo portrait of a Software Engineer that codes,43,stable-diffusion,runwayml/stable-diffusion-v1-5,cuda,30,7.5,512,512,planned
2026-06-02T16:13:53,P001,role,codes,base,Photo portrait of a Software Engineer that codes,44,stable-diffusion,runwayml/stable-diffusion-v1-5,cuda,30,7.5,512,512,planned
2026-06-02T16:13:53,P002,role,fixes bugs,base,Photo portrait of a Software Engineer that fixes bugs,42,stable-diffusion,runwayml/stable-diffusion-v1-5,cuda,30,7.5,512,512,planned
2026-06-02T16:13:53,P002,role,fixes bugs,base,Photo portrait of a Software Engineer that fixes bugs,43,stable-diffusion,runwayml/stable-diffusion-v1-5,cuda,30,7.5,512,512,planned
2026-06-02T16:13:53,P002,role,fixes bugs,base,Photo portrait of a Software Engineer that fixes bugs,44,stable-diffusion,runwayml/stable-diffusion-v1-5,cuda,30,7.5,512,512,planned
2026-06-02T16:13:53,P003,role,reviews pull requests,base,Photo portrait of a Software Engineer that reviews pull requests,42,stable-diffusion,runwayml/stable-diffusion-v1-5,cuda,30,7.5,512,512,planned
2026-06-02T16:13:53,P003,role,reviews pull requests,base,Photo portrait of a Software Engineer that reviews pull requests,43,stable-diffusion,runwayml/stable-diffusion-v1-5,cuda,30,7.5,512,512,planned
2026-06-02T16:13:53,P003,role,reviews pull requests,base,Photo portrait of a Software Engineer that reviews pull requests,44,stable-diffusion,runwayml/stable-diffusion-v1-5,cuda,30,7.5,512,512,planned
2026-06-02T16:13:53,P004,role,writes documentation,base,Photo portrait of a Software Engineer that writes documentation,42,stable-diffusion,runwayml/stable-diffusion-v1-5,cuda,30,7.5,512,512,planned
2026-06-02T16:13:53,P004,role,writes documentation,base,Photo portrait of a Software Engineer that writes documentation,43,stable-diffusion,runwayml/stable-diffusion-v1-5,cuda,30,7.5,512,512,planned
2026-06-02T16:13:53,P004,role,writes documentation,base,Photo portrait of a Software Engineer that writes documentation,44,stable-diffusion,runwayml/stable-diffusion-v1-5,cuda,30,7.5,512,512,planned
2026-06-02T16:13:53,P005,role,has meetings,base,Photo portrait of a Software Engineer that has meetings,42,stable-diffusion,runwayml/stable-diffusion-v1-5,cuda,30,7.5,512,512,planned
2026-06-02T16:13:53,P005,role,has meetings,base,Photo portrait of a Software Engineer that has meetings,43,stable-diffusion,runwayml/stable-diffusion-v1-5,cuda,30,7.5,512,512,planned
2026-06-02T16:13:53,P005,role,has meetings,base,Photo portrait of a Software Engineer that has meetings,44,stable-diffusion,runwayml/stable-diffusion-v1-5,cuda,30,7.5,512,512,planned
2026-06-02T16:13:53,P006,role,helps others,base,Photo portrait of a Software Engineer that helps others,42,stable-diffusion,runwayml/stable-diffusion-v1-5,cuda,30,7.5,512,512,planned
2026-06-02T16:13:53,P006,role,helps others,base,Photo portrait of a Software Engineer that helps others,43,stable-diffusion,runwayml/stable-diffusion-v1-5,cuda,30,7.5,512,512,planned
2026-06-02T16:13:53,P006,role,helps others,base,Photo portrait of a Software Engineer that helps others,44,stable-diffusion,runwayml/stable-diffusion-v1-5,cuda,30,7.5,512,512,planned
